<?xml version="1.0" encoding="UTF-8"?><metadata>
    <idinfo>
        <citation>
            <citeinfo>
                <title>MetroTownships</title>
                <geoform>vector digital data</geoform>
            </citeinfo>
        </citation>
        <descript>
            <abstract>These data were created for planimetric and cartigraphic display and analysis.Revisions: Metro Townships boundaries are revised as documents are filed with the Lt. Governor's Office.4/18/2017 FIPS codes added for the new metro townships</abstract>
            <purpose>These data were first created through a cooperative effort of the Lt. Governor's Office, Salt Lake County, and AGRC. All Metro Townships incorporated as of Jan. 1, 2017 are included.  Updates for further annexations and disconnections will be completed with the cooperative efforts of the  County and AGRC. Data was created from Incorporation documents with coordinate geometry (COGO) from legal descriptions sent to the Lt. Governor's Office, and porcessed by AGRC.  The result was more a physical cadastre than a legal one. In other words, this dataset does not represent exact legal boundaries as per surveyed description, but, rather a set of boundaries used for the administrative purposes that conforms to logical &amp; administrative rules (e.g. no two cities or redevelopment areas may cover the same geographic extent).</purpose>
        </descript>
        <spdom>
            <bounding>
                <westbc>-112.261323</westbc>
                <eastbc>-111.686507</eastbc>
                <northbc>40.835576</northbc>
                <southbc>40.552277</southbc>
            </bounding>
        </spdom>
        <keywords>
            <theme>
                <themekt>None</themekt>
                <themekey>Utah</themekey>
                <themekey>AGRC</themekey>
                <themekey>Metro Townships</themekey>
                <themekey>Boundary</themekey>
                <themekey>Townships.</themekey>
            </theme>
        </keywords>
        <accconst>None</accconst>
        <useconst>Data released to the Receiving Agency (RA) remains the property of the originating data source (see Source_Information) and cannot be reproduced for sale by the RA without the written consent of that data source. Redistribution of datasets unchanged as obtained from the AGRC and without fee is allowed. Any hardcopies utilizing these data sets shall clearly indicate their source. If the RA has modified the data in any way, they are obligated to describe the types of modifications they have performed on the hardcopy map. RA specifically agrees not to misrepresent these data sets, nor to imply that changes they made were approved by the AGRC. The Utah Automated Geographic Reference Center (AGRC) has adopted the following spatial data disclaimer to be explicitly included or referenced in all geospatial data, mapping products, and services created or hosted at AGRC including the contents of State Geographic Information Database (SGID). This product is for informational purposes and may not have been prepared for, or be suitable for legal, engineering, or surveying purposes. Users of this information should review or consult the primary data and information sources to ascertain the usability of the information. AGRC provides these data in good faith and shall in no event be liable for any incorrect results, any lost profits and special, indirect or consequential damages to any party, arising out of or in connection with the use or the inability to use the data hereon or the services provided. AGRC provides these data and services as a convenience to the public. Further more, AGRC reserves the right to change or revise published data and/or these services at any time.Furthermore, it is the official policy of the AGRC: • that the adopted disclaimer be used on all hard copy maps produced from geospatial data, and that the date and source of the data be included on the map; • that spatial data producers be allowed to extend the adopted disclaimer with additional language further defining the limits of their liability; • that a more robust disclaimer may be used in conjunction with any and all geospatial data published on the Internet, on a separate page preceding access to the data, with an accept/reject option for users; • that standardized metadata be included with any distribution of all geospatial data; and • that the disclaimer above may be used as a blanket disclaimer for documents containing a number of small maps.</useconst>
        <datacred>Salt Lake County Surveyors Office, AGRC</datacred>
        <native> Version 6.2 (Build 9200) ; Esri ArcGIS 10.5.1.7333</native>
    </idinfo>
    <spdoinfo>
        <direct>Vector</direct>
        <ptvctinf>
            <sdtsterm>
                <sdtstype>GT-polygon composed of chains</sdtstype>
                <ptvctcnt>0</ptvctcnt>
            </sdtsterm>
        </ptvctinf>
    </spdoinfo>
    <eainfo>
        <detailed>
            <enttyp>
                <enttypl>MetroTownships</enttypl>
            </enttyp>
            <attr>
                <attrlabl>OBJECTID</attrlabl>
                <attrdef>Internal feature number.</attrdef>
                <attrdefs>Esri</attrdefs>
                <attrdomv>
                                        
                    
                    <udom>Sequential unique whole numbers that are automatically generated.</udom>
                                        
                
                </attrdomv>
            </attr>
            <attr>
                <attrlabl>Shape</attrlabl>
                <attrdef>Feature geometry.</attrdef>
                <attrdefs>Esri</attrdefs>
                <attrdomv>
                                        
                    
                    <udom>Coordinates defining the features.</udom>
                                        
                
                </attrdomv>
            </attr>
            <attr>
                <attrlabl>COUNTYNBR</attrlabl>
            </attr>
            <attr>
                <attrlabl>NAME</attrlabl>
            </attr>
            <attr>
                <attrlabl>SHORTDESC</attrlabl>
            </attr>
            <attr>
                <attrlabl>UPDATED</attrlabl>
            </attr>
            <attr>
                <attrlabl>FIPS</attrlabl>
            </attr>
            <attr>
                <attrlabl>MINNAME</attrlabl>
            </attr>
            <attr>
                <attrlabl>POPLASTCENSUS</attrlabl>
            </attr>
            <attr>
                <attrlabl>POPLASTESTIMATE</attrlabl>
            </attr>
            <attr>
                <attrlabl>GlobalID</attrlabl>
            </attr>
            <attr>
                <attrlabl>Shape_Length</attrlabl>
                <attrdef>Length of feature in internal units.</attrdef>
                <attrdefs>Esri</attrdefs>
                <attrdomv>
                                        
                    
                    <udom>Positive real numbers that are automatically generated.</udom>
                                        
                
                </attrdomv>
            </attr>
            <attr>
                <attrlabl>Shape_Area</attrlabl>
                <attrdef>Area of feature in internal units squared.</attrdef>
                <attrdefs>Esri</attrdefs>
                <attrdomv>
                                        
                    
                    <udom>Positive real numbers that are automatically generated.</udom>
                                        
                
                </attrdomv>
            </attr>
        </detailed>
    </eainfo>
    <metainfo>
        <metd>20191023</metd>
        <metstdn>FGDC Content Standard for Digital Geospatial Metadata</metstdn>
        <metstdv>FGDC-STD-001-1998</metstdv>
        <mettc>local time</mettc>
    </metainfo>
</metadata>
