City,ACCOMMODATION (721),ADMIN. & SUPPORT & WASTE MANAG. & REMED. SERVICES (56),"AGRICULTURE, FORESTRY, FISHING & HUNTING (11)","ARTS, ENTERTAINMENT AND RECREATION (71)",CONSTRUCTION (23),EDUCATIONAL SERVICES (61),FINANCE & INSURANCE (52),FOOD SERVICES & DRINKING PLACES (722),HEALTH CARE & SOCIAL ASSISTANCE (62),INFORMATION (51),MANAGEMENT OF COMPANIES & ENTERPRISES (55),MANUFACTURING (31-33),"MINING, QUARRYING, & OIL & GAS EXTRACTION (21)",OTHER SERVICES-EXCEPT PUBLIC ADMINISTRATION (81),PRIOR-PERIOD PAYMENTS & REFUNDS,PRIVATE MOTOR VEHICLE SALES,"PROFESSIONAL, SCIENTIFIC & TECHNICAL SERVICES (54)",PUBLIC ADMINISTRATION (92),"REAL ESTATE, RENTAL & LEASING (53)","RETAIL-BUILD. MATERIAL, GARDEN EQUIP. & SUPPLIES DEALERS (444)",RETAIL-CLOTHING & CLOTHING ACCESSORIES STORES (448),RETAIL-ELECTRONICS & APPLIANCE STORES (443),RETAIL-FOOD & BEVERAGE STORES (445),RETAIL-FURNITURE & HOME FURNISHINGS STORES (442),RETAIL-GASOLINE STATIONS (447),RETAIL-GENERAL MERCHANDISE STORES (452),RETAIL-HEALTH & PERSONAL CARE STORES (446),RETAIL-MISCELLANEOUS STORE RETAILERS (453),RETAIL-MOTOR VEHICLE & PARTS DEALERS (441),RETAIL-NONSTORE RETAILERS (454),"RETAIL-SPORTING GOODS, HOBBY, MUSIC & BOOK STORES (451)",SPECIAL EVENT SALES,TRANSPORTATION & WAREHOUSING (48-49),UNKNOWN/NONCLASSIFIABLE,UTILITIES (22),WHOLESALE TRADE-DURABLE GOODS (423),WHOLESALE TRADE-ELECTRONIC MARKETS (425),WHOLESALE TRADE-NONDURABLE GOODS (424)
American Fork,360525.0,625281.0,1750000.0,1132810.0,10855679.0,69947.0,1510886.0,25740513.0,368700.0,6514315.0,25000.0,3709354.0,60000.0,12382993.0,2622074.0,4500000.0,4496886.0,90000.0,3964900.0,29535937.0,5219505.0,3463441.0,4360567.0,2896641.0,3000000.0,45182823.0,5071921.0,7479307.0,109956893.0,19033396.0,7849449.0,50000.0,498043.0,36566.0,5750000.0,15336406.0,459562.0,11190788.0
Beaver City,988520.0,17144.0,400000.0,7000.0,29553.0,10000.0,457083.0,2263825.0,60000.0,495267.0,1000.0,1308568.0,,1021247.0,142192.0,700000.0,153031.0,,143519.0,1005793.0,102242.0,26765.0,2250000.0,9064.0,3750000.0,554323.0,108995.0,235502.0,828081.0,1871246.0,36255.0,35000.0,20000.0,3747.0,600000.0,413988.0,80000.0,146624.0
Blanding,408578.0,45672.0,1000.0,20000.0,305743.0,50000.0,17919.0,600000.0,60000.0,485187.0,5000.0,77542.0,,363436.0,59705.0,900000.0,143740.0,500000.0,59894.0,2720256.0,80220.0,111496.0,2250000.0,3258.0,1500000.0,748656.0,73134.0,124955.0,394683.0,1473315.0,76601.0,,20000.0,527.0,90000.0,308763.0,8000.0,232607.0
Bountiful,100000.0,975548.0,4000.0,585659.0,1647021.0,81571.0,1116141.0,11839024.0,935892.0,5678745.0,25000.0,2171121.0,5000.0,5958817.0,1671381.0,5500000.0,3301438.0,900000.0,2053241.0,1898525.0,2654922.0,3819206.0,24807045.0,1691416.0,2500000.0,2278386.0,2195173.0,3755609.0,58937846.0,17497067.0,2248783.0,150000.0,35000.0,16822.0,8500000.0,4763409.0,131656.0,641651.0
Brigham,655681.0,186299.0,3000.0,600000.0,1456710.0,28719.0,201424.0,6912003.0,297620.0,2767801.0,15000.0,9242535.0,1000.0,3281464.0,715733.0,3250000.0,796656.0,1000.0,1868664.0,2727400.0,440580.0,1228067.0,11722561.0,507641.0,3407129.0,628164.0,355527.0,896487.0,18008684.0,6288043.0,596162.0,30000.0,45507.0,3732.0,2750000.0,5838242.0,72838.0,243912.0
Cedar City,3857794.0,2068165.0,12530.0,306753.0,5459777.0,93952.0,509364.0,18480935.0,406948.0,6172840.0,25000.0,10380705.0,6000.0,4691557.0,1864546.0,5750000.0,2716634.0,450000.0,3114140.0,33835542.0,3632838.0,1340270.0,18613982.0,4286413.0,8010265.0,41470340.0,1985888.0,5443294.0,22375697.0,13698515.0,5330182.0,2000000.0,144878.0,13895.0,5250000.0,9560020.0,464017.0,3134528.0
Centerville,15000.0,152151.0,1000.0,5000.0,511036.0,16733.0,201150.0,10072941.0,77432.0,3042694.0,25000.0,4861880.0,5000.0,5479001.0,473481.0,3000000.0,1529829.0,,1054776.0,31058974.0,801465.0,915526.0,5422530.0,750207.0,2000000.0,34675399.0,269898.0,2692287.0,15886141.0,6781237.0,2956479.0,450000.0,15000.0,7713.0,2750000.0,3860794.0,98099.0,523989.0
Clearfield,250000.0,411950.0,3000.0,200000.0,1500104.0,47205.0,688645.0,6994824.0,47348.0,4484814.0,900000.0,6130462.0,25000.0,3116676.0,3258839.0,2500000.0,3058427.0,70000.0,2652768.0,2560915.0,1097010.0,696753.0,5457813.0,154317.0,5686790.0,1238893.0,383841.0,5416833.0,7771947.0,12028725.0,847292.0,200000.0,19781.0,7998.0,4250000.0,5865460.0,299934.0,795577.0
Cottonwood Heights,338069.0,376768.0,5000.0,30000.0,4036742.0,31610.0,1091158.0,9147384.0,145350.0,7617201.0,500000.0,2468347.0,4000.0,1325991.0,1893617.0,5000000.0,5112754.0,200000.0,1465456.0,19174663.0,3449918.0,4496026.0,23700858.0,299696.0,2500000.0,24313313.0,4927604.0,3416779.0,1675349.0,16851882.0,1941153.0,80000.0,60000.0,27932.0,6250000.0,3673325.0,84283.0,537392.0
Delta,450000.0,5795.0,150000.0,80000.0,2231612.0,2000.0,62581.0,1165638.0,50000.0,899459.0,20000.0,1174161.0,200000.0,725599.0,244994.0,700000.0,228993.0,,1744926.0,2286678.0,103879.0,158133.0,4750000.0,58403.0,2250000.0,1077557.0,174432.0,339203.0,2200894.0,1574930.0,29814.0,20000.0,2000.0,656.0,600000.0,809307.0,20829.0,822455.0
Draper,1781957.0,1614114.0,192251.0,1052671.0,4558977.0,39754.0,2192426.0,26187525.0,659011.0,13553169.0,70000.0,21356432.0,20000.0,5623243.0,5132828.0,8000000.0,10210296.0,3000.0,15331639.0,13367339.0,6615104.0,10454732.0,32861512.0,32953892.0,6000000.0,11421043.0,3842402.0,12111395.0,146944719.0,26536926.0,6864436.0,150000.0,700000.0,41894.0,10000000.0,21400638.0,360324.0,5998566.0
Eagle Mountain,15000.0,569850.0,5000.0,30000.0,8466429.0,43984.0,588796.0,2498463.0,250000.0,4347795.0,2000.0,5308766.0,1500000.0,789523.0,9690000.0,5250000.0,2962979.0,1000.0,2533244.0,1297330.0,1222088.0,5308179.0,6644451.0,324969.0,3000000.0,1098364.0,269826.0,880306.0,221648.0,17222643.0,441850.0,35000.0,30000.0,23993.0,4250000.0,3857649.0,173319.0,1115260.0
Farmington,700000.0,231878.0,5000.0,21750000.0,1120768.0,144084.0,451915.0,9177628.0,279516.0,3030754.0,150000.0,793322.0,15000.0,1783279.0,1898432.0,3500000.0,2005519.0,35000.0,815842.0,538753.0,10362537.0,3183602.0,16234996.0,596803.0,1500000.0,1144602.0,746641.0,1510432.0,7952082.0,12414369.0,7070543.0,200000.0,15000.0,31186.0,3750000.0,5382251.0,88037.0,219016.0
Heber,1219080.0,573731.0,250000.0,700000.0,1205641.0,68923.0,633944.0,9305210.0,479867.0,2846678.0,25000.0,2665821.0,10000.0,1993989.0,7040689.0,3500000.0,890132.0,,3621450.0,17792162.0,912571.0,2344976.0,18594418.0,769870.0,3000000.0,13257247.0,374078.0,1642301.0,38702140.0,7879178.0,3845328.0,200000.0,80000.0,3317.0,2750000.0,4400612.0,74416.0,284655.0
Herriman,40000.0,282725.0,20619.0,80000.0,662745.0,50934.0,886345.0,7404682.0,300000.0,3956786.0,20000.0,3756794.0,150000.0,999142.0,1148931.0,7750000.0,1583473.0,,2304147.0,2147744.0,1589118.0,1337940.0,13743693.0,245733.0,4500000.0,6708409.0,1248071.0,1092247.0,2004311.0,20137257.0,553637.0,150000.0,70000.0,21549.0,5250000.0,3828110.0,71046.0,529333.0
Holladay,639882.0,430379.0,58676.0,1000000.0,531878.0,194009.0,550380.0,7423395.0,45000.0,3924267.0,30000.0,3460557.0,3000.0,1373287.0,4806388.0,4750000.0,4012025.0,,1329488.0,4170540.0,2068060.0,1051132.0,10138157.0,350934.0,1000000.0,1707139.0,965835.0,2547563.0,556765.0,13919706.0,1585360.0,70000.0,600000.0,3780.0,6000000.0,3962387.0,58070.0,313988.0
Hurricane,3341282.0,570242.0,150918.0,3000000.0,2481820.0,8584.0,445917.0,6198337.0,90000.0,2600644.0,15000.0,3585051.0,200000.0,2912652.0,1230708.0,5500000.0,586566.0,2250000.0,3234643.0,8786579.0,426758.0,301042.0,6823249.0,815637.0,3250000.0,21488317.0,207074.0,5497024.0,5770006.0,7712536.0,515773.0,80000.0,206382.0,4167.0,1500000.0,15117063.0,301587.0,580662.0
Kanab,1792287.0,113273.0,3000.0,250000.0,305408.0,15000.0,107749.0,2940936.0,45000.0,1090497.0,5000.0,657558.0,1000.0,534229.0,597725.0,1250000.0,140326.0,8000.0,157799.0,1485906.0,317396.0,174355.0,5401643.0,47279.0,1500000.0,619474.0,206920.0,851224.0,300983.0,3245192.0,160965.0,,15000.0,771.0,900000.0,729536.0,22487.0,846522.0
Kaysville,20000.0,318172.0,5000.0,500000.0,1308516.0,182619.0,381106.0,6689422.0,202494.0,3612339.0,200000.0,3291644.0,6000.0,2671575.0,2388573.0,5250000.0,1706939.0,,1588139.0,3377961.0,1714478.0,1414785.0,4793852.0,455112.0,14750000.0,2294253.0,4947578.0,1989969.0,23845133.0,14302685.0,4340533.0,200000.0,20000.0,12742.0,4000000.0,9944189.0,150705.0,3765154.0
Kearns Township,,85398.0,1000.0,250000.0,338810.0,9000.0,222017.0,4594844.0,9000.0,1657097.0,4000.0,2851491.0,2000.0,867598.0,263350.0,2500000.0,770778.0,,514195.0,1499204.0,352683.0,258581.0,12943321.0,43251.0,3000000.0,2191683.0,236728.0,793753.0,1414076.0,7853097.0,168293.0,,8000.0,2628.0,3250000.0,281341.0,33668.0,162732.0
Layton,2469812.0,948488.0,63276.0,1866018.0,1361670.0,294464.0,1274100.0,36395726.0,798998.0,15495484.0,380723.0,11874190.0,250000.0,8274479.0,5654103.0,10750000.0,4392019.0,250000.0,11329278.0,54021772.0,10206014.0,3357528.0,33537411.0,3486162.0,5270688.0,69619276.0,3589956.0,13612297.0,70337024.0,30771793.0,7408879.0,600000.0,184249.0,26958.0,11250000.0,16013186.0,284008.0,14064379.0
Lehi,2271887.0,1449403.0,459799.0,1699989.0,5909454.0,171196.0,3196901.0,26545966.0,737018.0,17989609.0,90000.0,19957094.0,150000.0,5301954.0,5246543.0,9500000.0,10294148.0,7750000.0,5263643.0,20965980.0,12669768.0,6437343.0,33032106.0,2407469.0,6773279.0,53707404.0,1242127.0,7130403.0,25814321.0,40038936.0,11203455.0,150000.0,438273.0,49360.0,2750000.0,23963421.0,278808.0,1194643.0
Lindon,80000.0,233137.0,3000.0,4000.0,3990741.0,94300.0,537198.0,3188614.0,7000.0,4049595.0,1000.0,7508918.0,7000.0,3676091.0,3184918.0,2750000.0,3255246.0,150000.0,4240341.0,47071647.0,530810.0,2237935.0,150000.0,1470617.0,700000.0,24508172.0,296132.0,1988414.0,54210526.0,6616897.0,1885580.0,60000.0,25000.0,17428.0,3000000.0,12088199.0,376933.0,814044.0
Logan,2471545.0,1062816.0,29242.0,474235.0,5458125.0,741232.0,973372.0,28499004.0,630685.0,7788295.0,15000.0,17166553.0,90000.0,8468760.0,1983997.0,6250000.0,3560341.0,5250000.0,5628910.0,55674225.0,8281022.0,6518620.0,51824586.0,2179364.0,5250000.0,22811769.0,4117871.0,11476395.0,33960616.0,16447176.0,16150106.0,200000.0,229142.0,39436.0,2500000.0,26529125.0,559040.0,3506233.0
Magna Township,,78537.0,1000.0,200000.0,6090457.0,10575.0,362884.0,5811850.0,80000.0,2028324.0,2000.0,7153042.0,350000.0,832778.0,327490.0,2500000.0,788446.0,,1637763.0,217985.0,425934.0,132408.0,11575127.0,48919.0,3500000.0,5868973.0,357180.0,614157.0,1343825.0,7364018.0,147645.0,,20000.0,6035.0,2750000.0,2731114.0,49069.0,193417.0
Midvale,1889422.0,978294.0,2000.0,300000.0,1787280.0,220549.0,1382841.0,24805033.0,287395.0,8196442.0,10000.0,9135800.0,20000.0,7787015.0,4240833.0,3500000.0,5790403.0,5000.0,2377273.0,14914694.0,4847706.0,3677951.0,23439911.0,1918471.0,7500000.0,13931228.0,1985048.0,5467536.0,17177596.0,15469746.0,11408253.0,100000.0,62057.0,34544.0,5750000.0,23088678.0,176551.0,1070905.0
Millcreek,35000.0,576656.0,5000.0,442162.0,2416055.0,190046.0,596840.0,15426237.0,2405721.0,14741605.0,30000.0,4578608.0,15000.0,8773139.0,5581058.0,6250000.0,4849832.0,,7782992.0,25280084.0,2718211.0,3269452.0,47568698.0,2619960.0,4384855.0,18198754.0,1806968.0,5977726.0,25953341.0,20687794.0,9281780.0,150000.0,100000.0,6988.0,45000.0,9090004.0,241001.0,625089.0
Moab,8495126.0,338422.0,1000.0,660236.0,633873.0,6296.0,70549.0,9811829.0,34405.0,3772925.0,1000.0,1307491.0,35000.0,213334.0,2237369.0,1750000.0,913848.0,30000.0,2259674.0,1787978.0,1178063.0,435928.0,4757438.0,57510.0,11500000.0,1179817.0,3228412.0,3902463.0,2839583.0,3988085.0,1948494.0,1000.0,1358495.0,26905.0,1500000.0,1753758.0,29904.0,284775.0
Monticello,375739.0,2960.0,30000.0,3000.0,150000.0,2000.0,10618.0,450000.0,9000.0,262029.0,1000.0,113640.0,6000.0,360978.0,108269.0,450000.0,59421.0,150000.0,53967.0,72145.0,77371.0,9612.0,1250000.0,20000.0,1000000.0,803756.0,50007.0,71624.0,544974.0,1038640.0,25264.0,,15000.0,1030.0,450000.0,747025.0,3000.0,11217.0
Morgan City,10000.0,40752.0,2000.0,20000.0,811429.0,25000.0,218927.0,900000.0,25000.0,670059.0,5000.0,172578.0,450000.0,360876.0,140249.0,1500000.0,204995.0,400000.0,515892.0,2308686.0,291976.0,50426.0,4500000.0,61657.0,300000.0,453154.0,94154.0,516548.0,15083053.0,2233041.0,182129.0,30000.0,4000.0,1984.0,250000.0,688828.0,17061.0,93214.0
Murray,1890974.0,1199127.0,900000.0,1905810.0,8416483.0,274510.0,4964350.0,24946066.0,1065461.0,13749835.0,70000.0,10184120.0,25000.0,11635722.0,9051593.0,4750000.0,7263009.0,5500000.0,5932200.0,47791368.0,18508380.0,14183725.0,14526395.0,15820934.0,4738244.0,58347395.0,4129902.0,14576936.0,147254012.0,26773430.0,7483372.0,50000.0,175638.0,25351.0,4250000.0,24513645.0,331652.0,4990183.0
Nephi,438116.0,18150.0,30000.0,25000.0,373629.0,7000.0,93770.0,2387594.0,40000.0,749427.0,1000.0,995339.0,1000.0,861388.0,569333.0,2000000.0,154297.0,1250000.0,573469.0,1493239.0,170736.0,157142.0,3500000.0,68714.0,3250000.0,791837.0,59183.0,1024978.0,2018704.0,2298827.0,398565.0,2000.0,-2000.0,1704.0,90000.0,1505412.0,29876.0,403624.0
North Salt Lake,600000.0,462457.0,25000.0,600000.0,3350284.0,7371.0,776662.0,5439617.0,2000.0,3077519.0,15000.0,15376575.0,4750000.0,5812736.0,2245261.0,3000000.0,3060156.0,90000.0,7638757.0,3137959.0,990343.0,1090083.0,5347760.0,626731.0,5760645.0,1218709.0,463414.0,1385949.0,33864798.0,9941238.0,557951.0,,448098.0,10250.0,4000000.0,8456886.0,367546.0,2476254.0
Ogden,2206594.0,2342449.0,104056.0,1065695.0,7940904.0,853683.0,2441508.0,34995523.0,796973.0,14503398.0,250000.0,37208204.0,35000.0,17239153.0,2299933.0,8000000.0,6430094.0,50000.0,15159345.0,72066639.0,8968380.0,6208738.0,45733253.0,7220978.0,10857130.0,22987968.0,4810206.0,20418371.0,54944495.0,28932816.0,4133692.0,300000.0,813238.0,-27691.0,14750000.0,61389376.0,909385.0,11276326.0
Orem,1958076.0,1801276.0,112423.0,2497161.0,5700592.0,1166498.0,1665624.0,44756520.0,976592.0,19517069.0,40000.0,26846018.0,10000.0,13144000.0,10379142.0,10750000.0,9439670.0,150000.0,7806584.0,57177487.0,16891620.0,8893809.0,52807065.0,19547981.0,7369178.0,91624347.0,4398196.0,15655039.0,94448135.0,39119255.0,21709130.0,300000.0,685519.0,133980.0,13750000.0,78777458.0,669775.0,3368938.0
Park City,4132740.0,553380.0,25000.0,1530038.0,1653837.0,100822.0,614100.0,9147985.0,28401.0,4060192.0,10000.0,2243703.0,700000.0,708210.0,6843693.0,3250000.0,6056168.0,,4074254.0,2433709.0,4489575.0,1813704.0,14583527.0,2677789.0,2000.0,1524593.0,641572.0,3875643.0,73753.0,11490012.0,4836089.0,8000.0,60000.0,27199.0,6750000.0,5925522.0,96281.0,400864.0
Payson,600000.0,178176.0,9000.0,200000.0,85126.0,44153.0,276400.0,7389330.0,462897.0,2399983.0,15000.0,5591642.0,60000.0,2190474.0,1282843.0,3000000.0,1015780.0,2500000.0,519858.0,3527717.0,505531.0,753392.0,9442969.0,118965.0,2250000.0,27019851.0,194522.0,1677565.0,4181053.0,6988778.0,485566.0,150000.0,150000.0,4089.0,700000.0,9723253.0,147259.0,1208904.0
Pleasant Grove,300000.0,585908.0,98860.0,525003.0,1174425.0,38346.0,626827.0,6852130.0,567378.0,7737407.0,60000.0,2454318.0,9000.0,3362669.0,9836530.0,4750000.0,5109111.0,60000.0,2163815.0,2316616.0,1527300.0,2416783.0,14658891.0,676652.0,2750000.0,6276728.0,509927.0,2963668.0,18648179.0,16061324.0,1738528.0,,45000.0,19423.0,4750000.0,7771815.0,387335.0,2335441.0
Price,1022109.0,243332.0,1000.0,15000.0,860642.0,7242.0,283891.0,4888228.0,347614.0,1655952.0,1000.0,1584505.0,200000.0,2282572.0,-383467.0,1250000.0,656495.0,1500000.0,933082.0,4956424.0,381020.0,1443264.0,9115885.0,194311.0,1500000.0,19884645.0,157367.0,1194345.0,11652720.0,3012651.0,574095.0,150000.0,1000.0,5883.0,1000000.0,4953198.0,58178.0,2166634.0
Provo,3445523.0,3037939.0,6000.0,2212070.0,2113691.0,2205420.0,1789579.0,30937440.0,1970111.0,17090503.0,100000.0,7117352.0,500000.0,13145347.0,8645290.0,9500000.0,13068440.0,600000.0,5679879.0,37850045.0,8895717.0,6909084.0,25865041.0,3431969.0,6176144.0,32222411.0,3255540.0,13241574.0,44764895.0,36175008.0,7041359.0,200000.0,1808038.0,61237.0,15000000.0,20089375.0,597920.0,8640496.0
Richfield,1841526.0,119228.0,80000.0,30000.0,233194.0,16607.0,190196.0,4982568.0,474079.0,1180564.0,150000.0,1230404.0,3000.0,1806147.0,599787.0,1250000.0,317495.0,200000.0,6712569.0,13926732.0,1027010.0,550230.0,5958449.0,1066864.0,2000000.0,17122586.0,257937.0,882494.0,12782667.0,2555148.0,428809.0,50000.0,30000.0,9116.0,2000000.0,5075811.0,20005.0,2445448.0
Riverdale,300000.0,184439.0,1000.0,700000.0,78622.0,3000.0,466744.0,15285959.0,25000.0,2804222.0,1000.0,1490007.0,6000.0,472590.0,1367786.0,1000000.0,572426.0,1000.0,17191985.0,32300455.0,6513077.0,4208509.0,2232682.0,16126504.0,1500000.0,58996068.0,1945960.0,3757199.0,47490126.0,6062897.0,10650590.0,,100000.0,12646.0,2000000.0,1559373.0,47258.0,252698.0
Riverton,45000.0,766021.0,8000.0,944095.0,1798141.0,67327.0,1125094.0,15876655.0,564046.0,5906798.0,15000.0,2069256.0,20000.0,5673487.0,1407816.0,7250000.0,3474937.0,,2028788.0,42343830.0,4621215.0,2299034.0,14046033.0,645423.0,3000000.0,32626382.0,2009350.0,4861111.0,4768445.0,21232559.0,2965322.0,300000.0,25000.0,25202.0,5500000.0,7041010.0,192068.0,5653922.0
Roosevelt,4000.0,199360.0,2000.0,,139048.0,5904.0,230267.0,3553059.0,450000.0,3565549.0,10000.0,1978581.0,1750000.0,1683346.0,199464.0,1250000.0,353125.0,350000.0,1741883.0,1462887.0,196020.0,89813.0,12250000.0,304848.0,1750000.0,1388137.0,65563.0,679969.0,6452921.0,3200494.0,90559.0,150000.0,20000.0,5859.0,1750000.0,2608239.0,37719.0,2461744.0
Roy,80000.0,128917.0,20000.0,250000.0,833612.0,7852.0,707664.0,10362667.0,230932.0,3600058.0,4000.0,706497.0,2000.0,2630673.0,1458789.0,5250000.0,1078042.0,3000.0,1094931.0,923535.0,1118812.0,805723.0,31512748.0,1434210.0,5133523.0,1230019.0,786917.0,1437428.0,14769673.0,11398376.0,633026.0,450000.0,5000.0,3216.0,4750000.0,3166302.0,40234.0,475020.0
Salt Lake City,18229936.0,15945563.0,252475.0,9801426.0,43987494.0,3528858.0,16444404.0,95435476.0,2486678.0,76452683.0,393219.0,165965204.0,2322006.0,53771965.0,35461112.0,19750000.0,59170500.0,2500000.0,70336327.0,109404800.0,31212041.0,41522848.0,139340234.0,22770438.0,32791038.0,130589239.0,17992266.0,68900877.0,231750936.0,124755184.0,29325359.0,150000.0,8740863.0,710197.0,57703421.0,231877469.0,3847587.0,35894729.0
Salt Lake County (Unincorporated),2000000.0,1471780.0,176304.0,1000000.0,3809325.0,150000.0,2002508.0,450000.0,1000000.0,13025458.0,2000.0,13891092.0,9000000.0,693084.0,2830559.0,3750000.0,4775201.0,,9315475.0,4464786.0,1057470.0,3149176.0,57785.0,162101.0,,589633.0,973184.0,2855529.0,281311.0,9475141.0,2776398.0,250000.0,504959.0,249010.0,5500000.0,15102163.0,373040.0,1872594.0
Sandy,1754704.0,1658769.0,917137.0,2889933.0,8263684.0,169082.0,2624154.0,35996391.0,764469.0,18991190.0,437033.0,11330412.0,45000.0,15279630.0,9181286.0,10750000.0,9181278.0,300000.0,7851437.0,58447296.0,12474161.0,14425614.0,43896045.0,6451892.0,7035364.0,81970614.0,4719905.0,13533673.0,107416299.0,45438973.0,30790364.0,600000.0,269255.0,43468.0,16500000.0,54860958.0,520411.0,1797108.0
Saratoga Springs,60000.0,169155.0,4000.0,1250000.0,679609.0,46896.0,407816.0,11410395.0,150000.0,2877580.0,15000.0,7256380.0,1500000.0,2239628.0,1669289.0,4750000.0,821906.0,15000.0,1297097.0,2451486.0,1096124.0,727158.0,18278485.0,259307.0,1500000.0,32174583.0,343311.0,1180301.0,2973305.0,13290437.0,271730.0,80000.0,70000.0,13508.0,3750000.0,3877620.0,47647.0,215329.0
South Jordan,1400044.0,1344949.0,11778.0,1358802.0,1263712.0,386140.0,2434932.0,31477665.0,743794.0,14367399.0,90000.0,8273982.0,800000.0,6099946.0,-72076613.0,11750000.0,11563762.0,800000.0,4737053.0,4408091.0,18140171.0,9342207.0,36891539.0,1938349.0,4500000.0,102678095.0,2588621.0,6466895.0,99622462.0,36355569.0,6845999.0,300000.0,134359.0,123935.0,12500000.0,20956606.0,238283.0,838786.0
South Ogden,20000.0,93594.0,200000.0,600000.0,2302269.0,20010.0,268001.0,8045661.0,2229248.0,2953789.0,7000.0,5019439.0,1000.0,1355328.0,,2250000.0,608460.0,,866907.0,136971.0,675092.0,308305.0,7931870.0,247993.0,1500000.0,47065832.0,459541.0,2398358.0,21652238.0,5642294.0,1786305.0,200000.0,2000.0,,2750000.0,1733476.0,27167.0,392164.0
South Salt Lake,851046.0,5506661.0,4000.0,2609401.0,24976846.0,55249.0,990973.0,11272221.0,40000.0,6620263.0,8000.0,52570355.0,20000.0,16128987.0,8443617.0,2750000.0,4252313.0,200000.0,12379152.0,68730382.0,1013209.0,5594468.0,19205898.0,26889507.0,2500000.0,1791356.0,880069.0,27391166.0,90953747.0,16355142.0,1466428.0,150000.0,1082037.0,2946.0,8500000.0,117832417.0,451323.0,13831755.0
Spanish Fork,400000.0,442072.0,60000.0,1000000.0,736584.0,114952.0,465805.0,19389499.0,449803.0,6300824.0,25000.0,9689561.0,10000.0,8340148.0,1683398.0,6000000.0,2066316.0,4000000.0,3375150.0,34055099.0,4785654.0,1540969.0,13337268.0,1881072.0,4004273.0,60888888.0,2684054.0,9243417.0,35641403.0,14528441.0,3604983.0,250000.0,635833.0,9459.0,1500000.0,11986353.0,267200.0,2976457.0
Springdale,7099002.0,40079.0,1000.0,350000.0,35000.0,1000.0,25972.0,4955607.0,,254440.0,1000.0,74653.0,,8000.0,573675.0,60000.0,111008.0,,137858.0,25000.0,344876.0,32661.0,800000.0,13231.0,350000.0,396978.0,11290.0,1829799.0,1770.0,563779.0,1370341.0,,6000.0,,350000.0,181162.0,20000.0,218902.0
Springville,957633.0,524104.0,25000.0,25000.0,7411164.0,25654.0,539412.0,10743594.0,262427.0,4883850.0,7000.0,7415374.0,60000.0,3852167.0,2450669.0,4250000.0,1618108.0,4000000.0,2104780.0,3734395.0,929480.0,1509351.0,18186334.0,577678.0,5750000.0,23207188.0,550458.0,5404607.0,16759456.0,17993491.0,833134.0,90000.0,600000.0,1722.0,1250000.0,11960084.0,209782.0,1709176.0
St George,14350061.0,2127086.0,75253.0,3997226.0,12857699.0,364735.0,1773064.0,54453073.0,2048686.0,17842084.0,60000.0,19031111.0,700000.0,17294479.0,10277027.0,21750000.0,10465386.0,13000000.0,10555999.0,72100169.0,14533039.0,7053547.0,52519116.0,17517867.0,11270880.0,106678975.0,4478352.0,20155162.0,141592272.0,38699889.0,18036834.0,700000.0,733855.0,116719.0,8250000.0,58772064.0,921191.0,7198614.0
Syracuse,35000.0,486195.0,3000.0,800000.0,1640469.0,26514.0,423856.0,5112573.0,70000.0,2782220.0,15000.0,806783.0,5000.0,1435603.0,565886.0,5500000.0,823093.0,2000.0,1095829.0,846234.0,682872.0,1039001.0,11360791.0,9055656.0,500000.0,21412672.0,445899.0,694081.0,664686.0,12080397.0,288788.0,250000.0,45000.0,-2375.0,3500000.0,1843551.0,104216.0,401312.0
Taylorsville,300000.0,578798.0,10000.0,1492444.0,1298151.0,74530.0,2121107.0,24753763.0,133238.0,6367201.0,20000.0,2556912.0,6000.0,2064008.0,1429666.0,5000000.0,2857465.0,2000.0,1882288.0,588691.0,3770433.0,2974755.0,15555818.0,506793.0,4750000.0,28265174.0,1465501.0,5169981.0,8767169.0,16911627.0,7108508.0,,40000.0,11515.0,7500000.0,4478255.0,80641.0,400977.0
Tooele City,616303.0,296063.0,20000.0,400000.0,489060.0,64198.0,764930.0,13578688.0,831606.0,4444292.0,15000.0,11780718.0,600000.0,3304783.0,1854373.0,4500000.0,1119227.0,250000.0,2075455.0,18394140.0,1068437.0,1421788.0,16269789.0,1795857.0,3250000.0,37460362.0,1038113.0,2097420.0,21427162.0,12904534.0,2052797.0,400000.0,45000.0,19813.0,5000000.0,13409813.0,103751.0,394255.0
Tremonton,500000.0,842615.0,1000.0,350000.0,1111860.0,5000.0,116639.0,3699553.0,150000.0,1193882.0,2000.0,1667413.0,1000.0,1473013.0,1185149.0,2000000.0,997490.0,,500977.0,1397217.0,710915.0,311995.0,8750000.0,179018.0,2250000.0,965049.0,162653.0,377506.0,11113606.0,3452636.0,1677789.0,100000.0,90000.0,4181.0,1500000.0,7168534.0,49332.0,1492319.0
Vernal,1366332.0,129246.0,5000.0,250000.0,163870.0,55022.0,440120.0,9828479.0,312370.0,5010425.0,15000.0,2184376.0,1357621.0,1855991.0,2161469.0,2000000.0,632234.0,,1724879.0,13544102.0,2913826.0,1005346.0,11906613.0,1495927.0,2000000.0,30156111.0,656967.0,3529893.0,10314423.0,3938925.0,4531873.0,150000.0,2441893.0,5906.0,2250000.0,3356616.0,67164.0,255013.0
Washington City,3447023.0,333700.0,70000.0,1000000.0,958055.0,29152.0,447466.0,7911675.0,6000.0,3307460.0,15000.0,4730844.0,25000.0,2963746.0,1390448.0,7500000.0,1463916.0,3250000.0,2033986.0,32752659.0,1836166.0,2114016.0,6434026.0,2149426.0,3500000.0,31750403.0,445538.0,4497533.0,6531586.0,12041451.0,1426364.0,90000.0,450000.0,-3053.0,2500000.0,5593701.0,81309.0,581692.0
West Bountiful,250000.0,32782.0,150000.0,500000.0,83268.0,4000.0,71199.0,2983100.0,4000.0,1073651.0,15000.0,999868.0,,626455.0,635257.0,800000.0,336305.0,1000.0,976620.0,12582237.0,2025723.0,45153.0,1000.0,1710680.0,600000.0,36019823.0,415200.0,1601702.0,10752905.0,1823535.0,1099139.0,,80000.0,2085.0,1250000.0,396755.0,14258.0,47461.0
West Jordan,900000.0,1301491.0,531378.0,1047568.0,11777526.0,63898.0,2619291.0,37646935.0,928222.0,17139858.0,100000.0,25149147.0,600000.0,10241788.0,4131037.0,14250000.0,17622791.0,8000.0,8019738.0,87734919.0,7124456.0,20164501.0,60152573.0,4727800.0,11321205.0,68963132.0,3822836.0,22819743.0,9709368.0,43369712.0,7175571.0,800000.0,428288.0,17801.0,16000000.0,33065417.0,819763.0,12497306.0
West Valley City,3388467.0,2464622.0,67426.0,779010.0,31205099.0,118015.0,3428025.0,46082614.0,615206.0,20871071.0,25000.0,28115302.0,800000.0,15847870.0,16608199.0,13000000.0,10217647.0,600000.0,20541840.0,47134375.0,9395907.0,11561585.0,68810167.0,3666125.0,15871204.0,96044470.0,4806563.0,11764722.0,108346015.0,37166860.0,8702867.0,800000.0,1732509.0,53850.0,18750000.0,98241263.0,628552.0,2569578.0
Woods Cross,700000.0,328649.0,1000.0,2000.0,571677.0,53529.0,201040.0,4583215.0,25000.0,3069203.0,5000.0,3803899.0,-138000.0,6654511.0,3272525.0,1500000.0,806984.0,,1476170.0,4516160.0,463487.0,1118520.0,12233500.0,1121977.0,450000.0,1817744.0,306999.0,3565776.0,43301393.0,4942667.0,2157707.0,2000.0,543227.0,17465.0,1750000.0,4349336.0,82048.0,152985.0
